URL,Drug Name
https://www.nepmeds.com.np/detail/valprol-cr-200mg-tab-duplicate,Valprol CR 200mg Tab-duplicate
https://www.nepmeds.com.np/detail/fusibect-b-10gm-cream,Fusibect-B 10gm cream
https://www.nepmeds.com.np/detail/betameth-g-cream,BETAMETH-G cream
https://www.nepmeds.com.np/detail/nexofast-40mg-tablet,Nexofast 40mg Tablet
https://www.nepmeds.com.np/detail/xtranex-500-mg,Xtranex 500 mg
https://www.nepmeds.com.np/detail/luliact-1-cream-30mg,Luliact 1% Cream 30mg
https://www.nepmeds.com.np/detail/luliact-1-cream-15-gm,Luliact 1% cream 15 gm
https://www.nepmeds.com.np/detail/bactin,Bactin 5
https://www.nepmeds.com.np/detail/maxflo,Maxflo
https://www.nepmeds.com.np/detail/Acidex,Acidex
https://www.nepmeds.com.np/detail/lulican-cream-50gm,Lulican cream 50gm
https://www.nepmeds.com.np/detail/telma-am,TELMA  AM
https://www.nepmeds.com.np/detail/amtas-10,AMTAS-10
https://www.nepmeds.com.np/detail/Amitone-10mg,AMITONE 10mg
https://www.nepmeds.com.np/detail/flunil-20,Flunil-20
https://www.nepmeds.com.np/detail/encorate-100mg-injection,Encorate 100mg Injection
https://www.nepmeds.com.np/detail/encorate-500-tablet,Encorate 500 Tablet
https://www.nepmeds.com.np/detail/levera-1000,LEVERA 1000mg
https://www.nepmeds.com.np/detail/babygesic-drops-orange,Babygesic Drops Orange
https://www.nepmeds.com.np/detail/amlod-5mg-tab,Amlod 5mg Tablet
https://www.nepmeds.com.np/detail/dutas-05mg,Dutas 0.5mg
https://www.nepmeds.com.np/detail/la-shield-fisico-spf-50-50g,LA Shield Fisico SPF 50 (50g)
https://www.nepmeds.com.np/detail/kojivit-ultra-gel,Kojivit Ultra Gel
https://www.nepmeds.com.np/detail/kelvin-60ml,KELVIN 60ML SUSPENSION
https://www.nepmeds.com.np/detail/premier-75mg,Premier 75mg
https://www.nepmeds.com.np/detail/orthosafe-50mg,Orthosafe 50mg
https://www.nepmeds.com.np/detail/presin-5mg,Presin-5mg
https://www.nepmeds.com.np/detail/presin-l,presin -L
https://www.nepmeds.com.np/detail/stiloz-100mg,stiloz 100mg
https://www.nepmeds.com.np/detail/softeron-z,SOFTERON-z
https://www.nepmeds.com.np/detail/septilin-syrup-200ml,septilin syrup 200ml
https://www.nepmeds.com.np/detail/orthorex-g-capsules,ORTHOREX-G CAPSULES
https://www.nepmeds.com.np/detail/orohex-mouthwash-100ml,OROHEX MOUTHWASH 100ML
https://www.nepmeds.com.np/detail/ophtha-care-eye-drop-10ml,OPHTHA CARE EYE DROP 10ML
https://www.nepmeds.com.np/detail/octride-injection,OCTRIDE INJECTION
https://www.nepmeds.com.np/detail/viopatch-pain-relief-patch-knee,Viopatch - Pain Relief Patch - Knee
https://www.nepmeds.com.np/detail/viopatch-pain-relief-patch-xl-back-pain,Viopatch  Pain Relief Patch - XL Back Pain
https://www.nepmeds.com.np/detail/viopatch-pain-relief-patch-large,Viopatch - Pain Relief Patch - Large
https://www.nepmeds.com.np/detail/viopatch-pain-relief-patch-regular,Viopatch Pain Relief Patch - Regular
https://www.nepmeds.com.np/detail/pantocid-iv-inj,Pantocid IV Inj
https://www.nepmeds.com.np/detail/pantocid-40mg-tab,Pantocid 40mg Tab
https://www.nepmeds.com.np/detail/pansafe-d-cap,PanSafe-D Cap
https://www.nepmeds.com.np/detail/optive-eye-drop,Optive Eye Drop
https://www.nepmeds.com.np/detail/duova-rotacaps-30-capsules,DUOVA ROTACAPS 30 CAPSULES
https://www.nepmeds.com.np/detail/cremaffin-mixed-fruit-gel,Cremaffin Mixed Fruit Gel
https://www.nepmeds.com.np/detail/confido-tab,Confido Tablets 60
https://www.nepmeds.com.np/detail/doxovent-400mg-tab,DOXOVENT 400mg Tab
https://www.nepmeds.com.np/detail/encorate-300,ENCORATE 300
https://www.nepmeds.com.np/detail/encorate-200,ENCORATE 200
https://www.nepmeds.com.np/detail/folvite-5mg,Folvite 5mg
https://www.nepmeds.com.np/detail/avas-20mg-130,AVAS 20mg (1*30)
https://www.nepmeds.com.np/detail/cipro-cent-eye-ointment,Cipro- Cent Eye OIntment
https://www.nepmeds.com.np/detail/cipro-cent-eye-drop,Cipro - Cent Eye Drop
https://www.nepmeds.com.np/detail/asthalin-respules,Asthalin Respules
https://www.nepmeds.com.np/detail/asthalin-inhaler,Asthalin 100 mcg Inhaler
https://www.nepmeds.com.np/detail/cardivas-625mg,Cardivas 6.25mg
https://www.nepmeds.com.np/detail/cardivas-3125-mg,Cardivas 3.125 mg
https://www.nepmeds.com.np/detail/candid-ear-drop-10ml,Candid Ear Drop - 10ml
https://www.nepmeds.com.np/detail/bico-z-cap,Bico - Z Cap
https://www.nepmeds.com.np/detail/acitrom-3mg,Acitrom 3mg
https://www.nepmeds.com.np/detail/ocurest-ah-eye-drops,Ocurest AH EYE Drops
https://www.nepmeds.com.np/detail/montina-l,Montina - L
https://www.nepmeds.com.np/detail/momate-ointment-15gm,Momate ointment 15gm
https://www.nepmeds.com.np/detail/metfor-g2-forte,METFOR G2 FORTE
https://www.nepmeds.com.np/detail/linamet-850mg,Linamet 850mg
https://www.nepmeds.com.np/detail/mysitag-50mg,Mysitag 50mg
https://www.nepmeds.com.np/detail/formin,FORMIN G1 FORTE
https://www.nepmeds.com.np/detail/fexy-120mg,FEXY 120mg
https://www.nepmeds.com.np/detail/ES-PRAM 5,ES-PRAM 5mg
https://www.nepmeds.com.np/detail/e-cox-60,E-COX 60
https://www.nepmeds.com.np/detail/dezacor-suspension,DEZACOR SUSPENSION
https://www.nepmeds.com.np/detail/dermadew-diaper-cream-50g,DERMADEW DIAPER CREAM 50G
https://www.nepmeds.com.np/detail/cytotam-10mg,CYTOTAM 10MG
https://www.nepmeds.com.np/detail/cortilone-30mg,Cortilone 30MG
https://www.nepmeds.com.np/detail/clavam-375mg,CLAVAM 375MG
https://www.nepmeds.com.np/detail/kojivit-gel-15gm,kojivit Gel 15gm
https://www.nepmeds.com.np/detail/amlozaar-h,AMLOZAAR H
https://www.nepmeds.com.np/detail/koz-shampoo-75-ml,Koz  Shampoo 75 ml
https://www.nepmeds.com.np/detail/ecoflora-tab,Ecoflora Tab
https://www.nepmeds.com.np/detail/dabirom-110-mg,Dabirom-110 mg
https://www.nepmeds.com.np/detail/s-clepra-20mg,S-clepra 20mg
https://www.nepmeds.com.np/detail/mitraz-30-mg,Mitraz 30 mg
https://www.nepmeds.com.np/detail/lacosam-50mg,Lacosam 50mg
https://www.nepmeds.com.np/detail/levera-750mg,LEVERA 750mg
https://www.nepmeds.com.np/detail/brimolol-eye-drop,Brimolol  eye drop
https://www.nepmeds.com.np/detail/ofloren-eye-drop,Ofloren eye drop
https://www.nepmeds.com.np/detail/eyemist-eye-drop,Eyemist  eye drop
https://www.nepmeds.com.np/detail/moist-max,Moist Max
https://www.nepmeds.com.np/detail/lemont,Lemont Tab (1X10)
https://www.nepmeds.com.np/detail/livolax-syrup-180ml,Livolax syrup 180ml
https://www.nepmeds.com.np/detail/zenegra-50-mg,Zenegra 50 mg
https://www.nepmeds.com.np/detail/melol-xl-25,Melol xl 25
https://www.nepmeds.com.np/detail/vit-d-60k,DV 60K
https://www.nepmeds.com.np/detail/levtica-xr-500,Levtica XR 500
https://www.nepmeds.com.np/detail/himplasia,Himplasia
https://www.nepmeds.com.np/detail/party-smart-cap-himalaya,Himalaya PartySmart Capsules
https://www.nepmeds.com.np/detail/cilacar-5,Cilacar 5mg
https://www.nepmeds.com.np/detail/fempro-25-mg,Fempro 2.5 mg
https://www.nepmeds.com.np/detail/lunov-lotion-30ml,Lunov Lotion 30ml
https://www.nepmeds.com.np/detail/lamifin-cream-20-gm,Lamifin Cream 20 gm
https://www.nepmeds.com.np/detail/cystone,Cystone Tablets
https://www.nepmeds.com.np/detail/oliza-5mg,Oliza 5mg
https://www.nepmeds.com.np/detail/oleanz-rt-10mg,Oleanz Rt 10mg
https://www.nepmeds.com.np/detail/oleanz-RT 5mg,OLEAN RT 5MG TABLET
https://www.nepmeds.com.np/detail/tazret-gel-20gm,Tazret Gel 20gm
https://www.nepmeds.com.np/detail/neopeptine-60ml-syrup,Neopeptine 60ml syrup
https://www.nepmeds.com.np/detail/careprost-eye-drop,Careprost  Eye Drop
https://www.nepmeds.com.np/detail/glimiprex-1-mg,GLIMIPREX 1MG TAB
https://www.nepmeds.com.np/detail/gasex-tab,Gasex Tab
https://www.nepmeds.com.np/detail/lobazam-5-mg,Lobazam 5 MG
https://www.nepmeds.com.np/detail/dorme-75-mg,DO-RE-ME 75MG
https://www.nepmeds.com.np/detail/diabecon-ds,DIABECON-DS
https://www.nepmeds.com.np/detail/dezacor-3-mg,Dezacor 30 mg
https://www.nepmeds.com.np/detail/betagen-cream-15-gm,Betagen Cream 15 gm
https://www.nepmeds.com.np/detail/carbox-300-mg,Carbox 300 mg
https://www.nepmeds.com.np/detail/s-amlon-5-mg,S-Amlong 5 mg
https://www.nepmeds.com.np/detail/shelcal-os,Shelcal os
https://www.nepmeds.com.np/detail/betarop,BETAROP
https://www.nepmeds.com.np/detail/mycept-250mg,Mycept  250mg Tablet
https://www.nepmeds.com.np/detail/tenepride-20-mg,Tenepride 20 mg
https://www.nepmeds.com.np/detail/mitraz-15-mg,Mitraz 15 mg
https://www.nepmeds.com.np/detail/zaart-50,Zaart 50
https://www.nepmeds.com.np/detail/metfor-g1-forte,Metfor G1 Forte
https://www.nepmeds.com.np/detail/empact-10-mg,Empact 10 mg
https://www.nepmeds.com.np/detail/ketosteril-tab,Ketosteril tab
https://www.nepmeds.com.np/detail/foracort-200-inhaler,Foracort 200 Inhaler
https://www.nepmeds.com.np/detail/glucomol-eye-drop,Glucomol 0.5% eye drop
https://www.nepmeds.com.np/detail/amantrel-100mg-cap,Amantrel 100mg cap
https://www.nepmeds.com.np/detail/coumadin-3-mg,Coumadin 3 mg
https://www.nepmeds.com.np/detail/ornida-500mg-tab,Ornida 500mg Tab
https://www.nepmeds.com.np/detail/mikacin-inj-500mg,Mikacin Inj 500mg
https://www.nepmeds.com.np/detail/winoloap-ds-eye-drop,Winolap  DS Eye Drop
https://www.nepmeds.com.np/detail/glytears-eye-drop,Glytears Eye Drop
https://www.nepmeds.com.np/detail/acular-ls-eye-drop,Acular LS Eye Drop
https://www.nepmeds.com.np/detail/winlap-eye-drop,Winolap Eye Drop
https://www.nepmeds.com.np/detail/sizdodon-md-05-mg,Sizodon MD 0.5 Mg
https://www.nepmeds.com.np/detail/mixar-550mg,Mixar 550mg
https://www.nepmeds.com.np/detail/ryzodeg-penfill-inj,Ryzodeg  penfill inj
https://www.nepmeds.com.np/detail/pantocid-20mg,Pantocid 20mg Tablet
https://www.nepmeds.com.np/detail/amlong-a-25mg,AMLONG A 25MG
https://www.nepmeds.com.np/detail/furic-40mg,FURIC-40MG
https://www.nepmeds.com.np/detail/deriva-cms-gel,Deriva cms Gel 15g
https://www.nepmeds.com.np/detail/d-acne-gel,D-acne Gel
https://www.nepmeds.com.np/detail/arbitel-am,Arbitel AM
https://www.nepmeds.com.np/detail/phenocin-vk,Phenocin-VK
https://www.nepmeds.com.np/detail/modalert-200mg,MODALERT-200MG
https://www.nepmeds.com.np/detail/finast-5mg,Finast 5mg
https://www.nepmeds.com.np/detail/huminsulin-3070-cartridge-100-iuml-5pic,HUMINSULIN-30/70 CARTRIDGE (100 IU/ML) (5)pic
https://www.nepmeds.com.np/detail/tor-20mgtab,TOR 20mg
https://www.nepmeds.com.np/detail/tor-10-mg,TOR 10 mg
https://www.nepmeds.com.np/detail/nasomet-nasal-spray,Nasomet  Nasal Spray
https://www.nepmeds.com.np/detail/mitraz-75mg,Mitraz 7.5mg
https://www.nepmeds.com.np/detail/domostal-10mg-tab,Domstal 10mg tab
https://www.nepmeds.com.np/detail/nava-jeevan,NAVA JEEVAN
https://www.nepmeds.com.np/detail/pirfenex-200mg,Pirfenex 200 mg
https://www.nepmeds.com.np/detail/mesacol-suppository-500mg,Mesacol Suppository 500mg
https://www.nepmeds.com.np/detail/mesacol-enema-4gm60ml,Mesacol Enema 4Gm/60ml
https://www.nepmeds.com.np/detail/eukroma-plus-cream-15gm,Eukroma Plus Cream-15Gm
https://www.nepmeds.com.np/detail/caladil-lotion-60ml,Caladil Lotion-60ml
https://www.nepmeds.com.np/detail/ipravent-rc30cap,Ipravent RC(30Cap)
https://www.nepmeds.com.np/detail/novadin-gargle-50ml,Novadin Gargle-50ml
https://www.nepmeds.com.np/detail/mesoral-cream-30gm,Mesoral Cream-30Gm
https://www.nepmeds.com.np/detail/ibugesic-400mg,Ibugesic-400mg
https://www.nepmeds.com.np/detail/flagyl-400mg,Flagyl-400mg
https://www.nepmeds.com.np/detail/volini-gel-15gm,Volini Gel-15Gm
https://www.nepmeds.com.np/detail/geftilon-250mg,Geftilon-250mg tab
https://www.nepmeds.com.np/detail/ceftoren-400mg,CEFTOREN-400MG
https://www.nepmeds.com.np/detail/cytotam-20mg,Cytotam-20mg
https://www.nepmeds.com.np/detail/tacroz-forte-01-20gm-oint,Tacroz Forte 0.1% 20Gm Oint
https://www.nepmeds.com.np/detail/zeptol-cr-200mg1,Zeptol CR 200mg
https://www.nepmeds.com.np/detail/venlift-od-375mg,Venlift OD-37.5mg
https://www.nepmeds.com.np/detail/venlift-od-75mg,Venlift OD-75mg
https://www.nepmeds.com.np/detail/ridazin-25mg,Ridazin-25mg
https://www.nepmeds.com.np/detail/syndopa-275mg,Syndopa-275mg
https://www.nepmeds.com.np/detail/gorkha-diab-care-500gm,Gorkha diab care 500gm
https://www.nepmeds.com.np/detail/ridazin-50mg,Ridazin-50mg
https://www.nepmeds.com.np/detail/pramipex-05mg,Pramipex-0.5mg Tablet
https://www.nepmeds.com.np/detail/pramipex-1mg,Pramipex-1mg
https://www.nepmeds.com.np/detail/syndopa-110mg,Syndopa-110mg
https://www.nepmeds.com.np/detail/maxgalin-50mg,Maxgalin-50mg
https://www.nepmeds.com.np/detail/premax-50mg,Premax 50mg
https://www.nepmeds.com.np/detail/nervilin-50mg,Nervilin 50mg
https://www.nepmeds.com.np/detail/levetor-500-er,Levetor-500 ER
https://www.nepmeds.com.np/detail/gabawell-150mg,Gabawell-150mg TABLETS
https://www.nepmeds.com.np/detail/epileptin-200mg,Epileptin 200mg
https://www.nepmeds.com.np/detail/detry-50mg,Detry 50mg
https://www.nepmeds.com.np/detail/amixide-h,Amixide-H
https://www.nepmeds.com.np/detail/amixide-5,Amixide-5
https://www.nepmeds.com.np/detail/zidovir-300mg,Zidovir-300mg
https://www.nepmeds.com.np/detail/aciv-cream-5gm,Aciv Cream-5Gm
https://www.nepmeds.com.np/detail/imax-s-100mg5ml-inj,IMAX-S 100MG/5ML INJ.
https://www.nepmeds.com.np/detail/zecal-max-tab,ZECAL-MAX TAB
https://www.nepmeds.com.np/detail/indclav-bid-suspension,INDCLAV BID SUSPENSION
https://www.nepmeds.com.np/detail/dexorange-syrup-200ml,DEXORANGE SYRUP-200ML
https://www.nepmeds.com.np/detail/triquilar-tab,TRIQUILAR TAB
https://www.nepmeds.com.np/detail/meslo-1200mg,MESLO-1200MG
https://www.nepmeds.com.np/detail/zita-plus-tab,Zita Plus Tab
https://www.nepmeds.com.np/detail/semi-glycigon-40mg,Semi-Glycigon-40mg
https://www.nepmeds.com.np/detail/rezult-4mg,Rezult-4mg
https://www.nepmeds.com.np/detail/pioglit-mf-15mg,Pioglit MF-15mg
https://www.nepmeds.com.np/detail/netformin-g2-forte,Netformin-G2 Forte
https://www.nepmeds.com.np/detail/netformin-500-er,Netformin-500 ER
https://www.nepmeds.com.np/detail/metspire-850,Metspire-850
https://www.nepmeds.com.np/detail/formin-g1,Formin-G1
https://www.nepmeds.com.np/detail/diapride-m21,Diapride M2 Tablet
https://www.nepmeds.com.np/detail/telmi-10mg,Telmi-10mg
https://www.nepmeds.com.np/detail/stanlip-145mg,Stanlip-145mg
https://www.nepmeds.com.np/detail/simvotin-5mg,Simvotin-5mg
https://www.nepmeds.com.np/detail/simcard-5mg,Simcard-5mg
https://www.nepmeds.com.np/detail/rosutab-20mg1,Rosutab-20mg
https://www.nepmeds.com.np/detail/ramace-25mg,Ramace 2.5mg
https://www.nepmeds.com.np/detail/seloken-xl-100mg,Seloken XL-100mg
https://www.nepmeds.com.np/detail/prolomet-xl-100mg,Prolomet XL-100mg
https://www.nepmeds.com.np/detail/prolomet-xl-125mg,Prolomet XL-12.5mg
https://www.nepmeds.com.np/detail/normolip-300gm,Normolip-300Gm
https://www.nepmeds.com.np/detail/amlod-at-h,Amlod AT-H
https://www.nepmeds.com.np/detail/mylod-at-h,Mylod AT-H
https://www.nepmeds.com.np/detail/latocom-eye-drops,Latocom Eye Drops
https://www.nepmeds.com.np/detail/lobet-inj-20ml,Lobet Inj-20ml
https://www.nepmeds.com.np/detail/hopecard-h-25125,Hopecard-H 2.5/12.5
https://www.nepmeds.com.np/detail/hopecard-h-5125,Hopecard-H 5/12.5
https://www.nepmeds.com.np/detail/genmycin-cream-10gm,Genmycin Cream-10Gm
https://www.nepmeds.com.np/detail/silgard-25gm,Silgard-25Gm
https://www.nepmeds.com.np/detail/corpril-125mg1,Corpril-1.25mg
https://www.nepmeds.com.np/detail/avas-ez-tab,Avas-EZ Tab
https://www.nepmeds.com.np/detail/avas-80mg,Avas-80mg
https://www.nepmeds.com.np/detail/atorlip-80mg,Atorlip-80mg
https://www.nepmeds.com.np/detail/atorlip-20mg1,Atorlip-20mg
https://www.nepmeds.com.np/detail/angizem-30mg,Angizem-30mg
https://www.nepmeds.com.np/detail/tevran-50mg-inj,Tevran-50mg Inj
https://www.nepmeds.com.np/detail/gemcal-d3-CAP,Gemcal-D3 CAPSULES
https://www.nepmeds.com.np/detail/kit-kat-suspension,Kit-Kat suspension 100MG/5ML
https://www.nepmeds.com.np/detail/mebex-100mg,Mebex-100mg
https://www.nepmeds.com.np/detail/zanocin-ds-400mg,Zanocin DS-400mg
https://www.nepmeds.com.np/detail/zanocin-inj,Zanocin Inj
https://www.nepmeds.com.np/detail/refzil-o-500mg,Refzil-O-500mg
https://www.nepmeds.com.np/detail/reflin-500mg-inj,Reflin-500mg Inj
https://www.nepmeds.com.np/detail/pulmocef-cv-500-tab,Pulmocef CV-500 Tab
https://www.nepmeds.com.np/detail/ornida-500mg-inj-100ml,Ornida-500mg Inj-100ml
https://www.nepmeds.com.np/detail/seroflo-500mg-rc,Seroflo 500mg RC
https://www.nepmeds.com.np/detail/montaz-500mg-inj,Montaz-500mg Inj
https://www.nepmeds.com.np/detail/mogyl-forte,Mogyl Forte
https://www.nepmeds.com.np/detail/atortin,Atortin 10mg
https://www.nepmeds.com.np/detail/candibiotic-ear-drops-5ml,CANDIBIOTIC EAR DROPS-5ML
https://www.nepmeds.com.np/detail/visco-200ml,VISCO-200ML
https://www.nepmeds.com.np/detail/scarab-lotion-100ml,SCARAB LOTION-100ML
https://www.nepmeds.com.np/detail/scarab-cream-25g,SCARAB CREAM 25G.
https://www.nepmeds.com.np/detail/asomycin-cream,Asomycin Cream
https://www.nepmeds.com.np/detail/himcocid-sf-syrup-200ml,Himcocid -SF Syrup 200ml
https://www.nepmeds.com.np/detail/heptral-400mg,Heptral-400mg
https://www.nepmeds.com.np/detail/metazyme-syrup-200ml,Metazyme Syrup-200ml
https://www.nepmeds.com.np/detail/oxidon-plus-cap,Oxidon Plus Cap
https://www.nepmeds.com.np/detail/sufex-180mg,SUFEX 180MG
https://www.nepmeds.com.np/detail/clin-gel-15g,CLIN GEL-15G.
https://www.nepmeds.com.np/detail/betameth-cream-20g,BETAMETH cream
https://www.nepmeds.com.np/detail/nurvi,NURVI
https://www.nepmeds.com.np/detail/tacroderm-ointment-15g,TACRODERM OINTMENT 15G.
https://www.nepmeds.com.np/detail/tacroderm-forte-oint-15g,TACRODERM FORTE OINT-15G.
https://www.nepmeds.com.np/detail/emosil-cream-30g,EMOSIL CREAM-30G.
https://www.nepmeds.com.np/detail/oxyfit-cap,OXYFIT CAP
https://www.nepmeds.com.np/detail/dolofen-gel-30g,DOLOFEN GEL-30G.
https://www.nepmeds.com.np/detail/polyderm-cream-15gr,POLYDERM CREAM-15GR
https://www.nepmeds.com.np/detail/orohex-m-gel-15g,OROHEX-M GEL 15G.
https://www.nepmeds.com.np/detail/mito-2mg-inj,Mito-2mg Inj
https://www.nepmeds.com.np/detail/mito-10mg-inj,Mito-10mg Inj
https://www.nepmeds.com.np/detail/lucrin-depot-375mg-inj,Lucrin Depot 3.75mg Inj
https://www.nepmeds.com.np/detail/fosbait-250mg30tab,Fosbait-250mg(30Tab)
https://www.nepmeds.com.np/detail/meslo-800mg,Meslo-800mg
https://www.nepmeds.com.np/detail/spenzo-3mg,SPENZO-3MG
https://www.nepmeds.com.np/detail/spenzo-1mg,SPENZO-1MG
https://www.nepmeds.com.np/detail/kemocarb-150mg-inj,Kemocarb 150mg Inj
https://www.nepmeds.com.np/detail/sepenzo-05mg,Sepenzo 0.5mg
https://www.nepmeds.com.np/detail/valest-2mg,VALEST-2MG
https://www.nepmeds.com.np/detail/funil-10,Funil 10
https://www.nepmeds.com.np/detail/flomex-eye-drop,Flomex Eye Drop
https://www.nepmeds.com.np/detail/fulcort-h-cream-30gm,Fulcort H Cream 30gm
https://www.nepmeds.com.np/detail/versitol-retard-300-mg,VERSITOL RETARD-300 MG
https://www.nepmeds.com.np/detail/fulcort-skin-lotion-30ml,Fulcort skin Lotion 30ml
https://www.nepmeds.com.np/detail/versitol-retard-200-mg,VERSITOL RETARD-200 MG
https://www.nepmeds.com.np/detail/fulcort-fort-skin-lotion-15ml,Fulcort Fort skin Lotion 15ml
https://www.nepmeds.com.np/detail/glyco-6-cream-30g,GLYCO 6 CREAM 30G.
https://www.nepmeds.com.np/detail/efzin-10-mg-tab,Efzin 10 mg tab
https://www.nepmeds.com.np/detail/thyronorm-100mcg100tab,Thyronorm-100mcg(100Tab)
https://www.nepmeds.com.np/detail/add-tears-10-ml,Add Tears-10 ml
https://www.nepmeds.com.np/detail/sonate-500mg100tab,SONATE-500MG(100TAB.)
https://www.nepmeds.com.np/detail/filmet-iv-100ml,Filmet I.V-100ml
https://www.nepmeds.com.np/detail/helovate-s-ointment,Helovate-S Ointment
https://www.nepmeds.com.np/detail/asthalin-2mg,Asthalin 2mg
https://www.nepmeds.com.np/detail/asthalin-sa-8mg,asthalin sa 8mg
https://www.nepmeds.com.np/detail/asthalin-sa-4mg,Asthalin sa-4mg
https://www.nepmeds.com.np/detail/germidine-ointment,Germidine Ointment 15GM
https://www.nepmeds.com.np/detail/m-kast-10-mdt,M-Kast 10 MDT
https://www.nepmeds.com.np/detail/azifast-250mg,Azifast 250mg
https://www.nepmeds.com.np/detail/am-clav-dry-syrup,Am-Clav Dry Syrup
https://www.nepmeds.com.np/detail/corpril-5mg,CORPRIL-5MG
https://www.nepmeds.com.np/detail/ligatin-10mg-tab,LIGATIN-10MG TAB
https://www.nepmeds.com.np/detail/allercet-l-tab,ALLERCET-L TAB.
https://www.nepmeds.com.np/detail/pantotab-40mg,PANTOTAB-40MG
https://www.nepmeds.com.np/detail/microflox-dx-eye-drops-10ml,MICROFLOX-DX EYE DROPS-10ML
https://www.nepmeds.com.np/detail/lan-30mg,Lan 30mg
https://www.nepmeds.com.np/detail/herperax-200mg,HERPERAX-200MG
https://www.nepmeds.com.np/detail/fusimar-h-cream-15g,FUSIMAR-H CREAM-15G
https://www.nepmeds.com.np/detail/fusimar-cream-10g,FUSIMAR CREAM-10G.
https://www.nepmeds.com.np/detail/fungitop-gel-15gr,FUNGITOP GEL-15GM
https://www.nepmeds.com.np/detail/lax-isabgol,LAX ISABGOL
https://www.nepmeds.com.np/detail/macox-plus-600mg,MACOX PLUS-600MG
https://www.nepmeds.com.np/detail/denovo-xt-cap,Denovo xT
https://www.nepmeds.com.np/detail/vital-cap,Vital forte
https://www.nepmeds.com.np/detail/leflontin-500mg,Leflontin-500mg
https://www.nepmeds.com.np/detail/re-phos,Re-Phos
https://www.nepmeds.com.np/detail/optineuron-forte-tab,Optineuron Forte Tab
https://www.nepmeds.com.np/detail/markvit-syrup-200ml,Markvit Syrup 200ml
https://www.nepmeds.com.np/detail/megafol-5mg,Megafol 5mg
https://www.nepmeds.com.np/detail/chiropex-cream30-gm,Chiropex cream30 gm
https://www.nepmeds.com.np/detail/azalide-susp200mg5ml-30ml,Azalide Susp.(200mg/5ml) 30ml
https://www.nepmeds.com.np/detail/azalide-susp200mg5ml-150,Azalide Susp.(200mg/5ml) 150
https://www.nepmeds.com.np/detail/azalide-susp100mg5ml-30ml,Azalide Susp.(100mg/5ml) 30ml
https://www.nepmeds.com.np/detail/azalide-susp100mg5ml-15ml,Azalide Susp.(100mg/5ml) 15ml
https://www.nepmeds.com.np/detail/azalide-250-tab,Azalide 250 Tab.
https://www.nepmeds.com.np/detail/azalide-cap,Azalide Cap
https://www.nepmeds.com.np/detail/sustanon-250mg,Sustanon 250mg
https://www.nepmeds.com.np/detail/sustanon-100mg-ing,Sustanon 100mg ing
https://www.nepmeds.com.np/detail/neo-mercazole-5mg,Neo-Mercazole 5mg
https://www.nepmeds.com.np/detail/neo-mercazole-10mg,Neo-Mercazole 10mg
https://www.nepmeds.com.np/detail/airtec-fb-200-instacap,AIRTEC FB 400 RC
https://www.nepmeds.com.np/detail/alfit-300,Alfit-300
https://www.nepmeds.com.np/detail/alfit-100,Alfit-100
https://www.nepmeds.com.np/detail/airtec-fb-200-rotacap,Airtec FB 200 Rotacap
https://www.nepmeds.com.np/detail/cresar-h,Cresar-H
https://www.nepmeds.com.np/detail/econ-pills,Econ Pills
https://www.nepmeds.com.np/detail/duphaston-10mg,Duphaston 10mg
https://www.nepmeds.com.np/detail/duoluton-l-tab,Duoluton L Tab
https://www.nepmeds.com.np/detail/danogen-50mg,DANOGEN-50MG
https://www.nepmeds.com.np/detail/danogen-200mg,DANOGEN-200MG
https://www.nepmeds.com.np/detail/danazol-100mg,Danogen 100 mg
https://www.nepmeds.com.np/detail/iver-dt,Iver DT
https://www.nepmeds.com.np/detail/itac-100mg-cap,Itac 100mg Cap
https://www.nepmeds.com.np/detail/itac-200mg-cap,Itac 200mg Cap
https://www.nepmeds.com.np/detail/lasix-40mg,Lasix-40mg
https://www.nepmeds.com.np/detail/lasirex-40mg,Lasirex-40mg
https://www.nepmeds.com.np/detail/gulcar-50-mg,Gulcar 50 mg
https://www.nepmeds.com.np/detail/biosert-25mg-tab,Biosert 25mg Tab
https://www.nepmeds.com.np/detail/caspy-75mg,CASPY-75MG
https://www.nepmeds.com.np/detail/caspy-50mg,CASPY-50MG
https://www.nepmeds.com.np/detail/caspy-100mg,CASPY-100MG
https://www.nepmeds.com.np/detail/ator-ez-10mg,ATOR EZ-10MG
https://www.nepmeds.com.np/detail/losanorm-50-h,LOSANORM 50-H
https://www.nepmeds.com.np/detail/bifilac-cap,Bifilac Cap
https://www.nepmeds.com.np/detail/domadol-50mg,Domadol-50mg
https://www.nepmeds.com.np/detail/intalith-cr-450mg,INTALITH CR-450MG
https://www.nepmeds.com.np/detail/clonil-50mg,CLONIL-50MG
https://www.nepmeds.com.np/detail/supirocin-b-plus-5gram,SUPIROCIN-B PLUS-5GRAM
https://www.nepmeds.com.np/detail/supirocin-5gram,SUPIROCIN-ointmenti-5GRAM.
https://www.nepmeds.com.np/detail/scaboma-lotion-50ml,SCABOMA LOTION-50ML
https://www.nepmeds.com.np/detail/scaboma-lotion-100ml,SCABOMA LOTION 100ML
https://www.nepmeds.com.np/detail/rezult-2mg,REZULT-2MG
https://www.nepmeds.com.np/detail/ascoril-d-cough-syrup-100ml,ASCORIL-D COUGH SYRUP-100ML
https://www.nepmeds.com.np/detail/ascoril-exp-100ml,ASCORIL EXP.-100ML
https://www.nepmeds.com.np/detail/myolaxin-ointment-15g,MYOLAXIN OINTMENT-15G.
https://www.nepmeds.com.np/detail/frumil-tab,FRUMIL TAB.
https://www.nepmeds.com.np/detail/kestine-10mg,Kestine 10mg
https://www.nepmeds.com.np/detail/glytop-6-lotion-50ml,Glytop-6 Lotion 50ml
https://www.nepmeds.com.np/detail/bricanyl-25mg,Bricanyl-2.5mg
https://www.nepmeds.com.np/detail/bricanyl-5mg,Bricanyl-5mg
https://www.nepmeds.com.np/detail/hybro-ds-tab,Hybro DS Tab
https://www.nepmeds.com.np/detail/gesica-gel,Gesica Gel
https://www.nepmeds.com.np/detail/microcef-cv-200mg,Microcef CV-200mg
https://www.nepmeds.com.np/detail/rozavel-40mg,Rozavel-40mg
https://www.nepmeds.com.np/detail/crestor-40mg,Crestor-40mg
https://www.nepmeds.com.np/detail/arvast-40mg,Arvast-40mg
https://www.nepmeds.com.np/detail/amlod-st,Amlod-ST
https://www.nepmeds.com.np/detail/depo-medrol-inj-40mg,Depo-Medrol Inj 40mg
https://www.nepmeds.com.np/detail/astat-40mg,Astat 40mg
https://www.nepmeds.com.np/detail/atorlip-40mg,Atorlip 40mg
https://www.nepmeds.com.np/detail/metaflam-tab,Metaflam  tab
https://www.nepmeds.com.np/detail/n-pin-eye-drop-5ml,N-Pin Eye Drop 5ml
https://www.nepmeds.com.np/detail/n-pin-1ml-inj,N-Pin 1ml Inj
https://www.nepmeds.com.np/detail/glocal-500mg,Glocal-500mg
https://www.nepmeds.com.np/detail/nevidine-5-soln-100ml,Nevidine 5% Soln-100ml
https://www.nepmeds.com.np/detail/nevidine-ointment,Nevidine Ointment
https://www.nepmeds.com.np/detail/benzex-2mg,Benzex-2mg
https://www.nepmeds.com.np/detail/losanorm-25-h,LOSANORM 25-H
https://www.nepmeds.com.np/detail/angizaar-h-tab,Angizaar-H Tab
https://www.nepmeds.com.np/detail/prazopress-xl-5mg,Prazopress XL-5mg
https://www.nepmeds.com.np/detail/prazopress-xl-25mg,Prazopress XL-2.5mg
https://www.nepmeds.com.np/detail/minolox-100mg,Minolox-100mg
https://www.nepmeds.com.np/detail/minolox-50mg,Minolox-50mg
https://www.nepmeds.com.np/detail/indapa-25mg,Indapa 2.5mg
https://www.nepmeds.com.np/detail/lorvas-25mg,Lorvas 2.5mg
https://www.nepmeds.com.np/detail/gemcite-1gm-inj,Gemcite-1gm Inj
https://www.nepmeds.com.np/detail/admenta-5-mg-tab,Admenta 5 mg Tab
https://www.nepmeds.com.np/detail/urivoid-25mg,Urivoid-25mg
https://www.nepmeds.com.np/detail/admenta-10mg-tab,Admenta 10mg Tab
https://www.nepmeds.com.np/detail/syndopa-cr,Syndopa CR
https://www.nepmeds.com.np/detail/armotraz-1mg,Armotraz-1mg
https://www.nepmeds.com.np/detail/syndopa-plus,Syndopa Plus
https://www.nepmeds.com.np/detail/pramipex-025-mg-tab,Pramipex 0.25 mg Tab
https://www.nepmeds.com.np/detail/mederma-stretch-marks-cream-50gm,Mederma Stretch Marks CREAM -50Gm
https://www.nepmeds.com.np/detail/glipiz-5mg,Glipiz-5mg
https://www.nepmeds.com.np/detail/lamivir-hbv-100mg,Lamivir-HBV-100mg
https://www.nepmeds.com.np/detail/lamivir-150mg,Lamivir-150mg
https://www.nepmeds.com.np/detail/parkin-plus,Parkin Plus
https://www.nepmeds.com.np/detail/oxetol-600mg,Oxetol-600 Tablet
https://www.nepmeds.com.np/detail/oxetol-450mg,Oxetol-450mg Tablet
https://www.nepmeds.com.np/detail/zenoxa-450mg,Zenoxa-450mg
https://www.nepmeds.com.np/detail/oxetol-300mg,Oxetol-300 Tablet
https://www.nepmeds.com.np/detail/zenoxa-300mg,Zenoxa-300mg
https://www.nepmeds.com.np/detail/diana-cream-0025-cream,Diana Cream 0.025% Cream
https://www.nepmeds.com.np/detail/faxtin-10mg,Faxtin 10mg
https://www.nepmeds.com.np/detail/eptoin-2ml-inj,EPTOIN 2ML INJ. 50mg/ml
https://www.nepmeds.com.np/detail/jasocaine-jelly-2,JASOCAINE JELLY 2%
https://www.nepmeds.com.np/detail/asthalin-respsol15ml,ASTHALIN RESP.SOL.15ML
https://www.nepmeds.com.np/detail/dilzem-30mg,Dilzem-30MG
https://www.nepmeds.com.np/detail/lysovit-100ml,LYSOVIT-100ML
https://www.nepmeds.com.np/detail/formin-od-1000mg,Formin OD-1000mg
https://www.nepmeds.com.np/detail/formet-1000-sr,Formet 1000 SR
https://www.nepmeds.com.np/detail/netformin-1000-sr,Netformin-1000 SR
https://www.nepmeds.com.np/detail/ventryl-exp-100ml,Ventryl Exp-100ml
https://www.nepmeds.com.np/detail/ventryl-exp-50ml,Ventryl Exp-60ml
https://www.nepmeds.com.np/detail/micropime-t-inj,Micropime-T Inj
https://www.nepmeds.com.np/detail/bicef-500-dt,Bicef-500 DT
https://www.nepmeds.com.np/detail/azilide-250mg,Azilide 250mg
https://www.nepmeds.com.np/detail/divon-50mg,Divon-50mg
https://www.nepmeds.com.np/detail/kalinac-gel-100,Kalinac Gel-100GM
https://www.nepmeds.com.np/detail/divon-gel-30gm,Divon Gel-30Gm
https://www.nepmeds.com.np/detail/torsinex-inj,Torsinex Inj
https://www.nepmeds.com.np/detail/dytor-100mg,Dytor-100mg
https://www.nepmeds.com.np/detail/torsinex-100mg,Torsinex-100mg
https://www.nepmeds.com.np/detail/encorate-500mg-inj,Encorate-500mg Inj
https://www.nepmeds.com.np/detail/lycor-1-ointment-15gm,Lycor-1% Ointment-15Gm
https://www.nepmeds.com.np/detail/shelcal-syrup-200ml,Shelcal Syrup-200ml
https://www.nepmeds.com.np/detail/shelcal-hd,Shelcal-HD
https://www.nepmeds.com.np/detail/deevit-plus-cap,Deevit Plus Cap
https://www.nepmeds.com.np/detail/shelcal-ct,Shelcal-CT
https://www.nepmeds.com.np/detail/glanvec-4mg-inj,Glanvec-4mg Inj
https://www.nepmeds.com.np/detail/lipuro-1-50ml,Lipuro 1% 50ml
https://www.nepmeds.com.np/detail/nitroject-inj-25mg,Nitroject Inj 25mg
https://www.nepmeds.com.np/detail/nipress-inj-50mg,Nipress Inj 50mg
https://www.nepmeds.com.np/detail/emenorm-susp,Emenorm Susp
https://www.nepmeds.com.np/detail/antif-vaginal-tab,Antif Vaginal Tab
https://www.nepmeds.com.np/detail/candid-v3-tab,Candid-V3 Tab
https://www.nepmeds.com.np/detail/candid-v1-tab,Candid-V1 Tab
https://www.nepmeds.com.np/detail/candid-lotion-30ml,Candid Lotion-30ml
https://www.nepmeds.com.np/detail/candid-lotion-20ml,Candid Lotion-20ml
https://www.nepmeds.com.np/detail/mycol-cream,Mycol Cream
https://www.nepmeds.com.np/detail/l-ret-15gm,L-Ret OINTMENT 15GM
https://www.nepmeds.com.np/detail/candid-cream-30gm,Candid Cream-30Gm
https://www.nepmeds.com.np/detail/antif-cream,Antif Cream
https://www.nepmeds.com.np/detail/candid-gel-15gm,Candid Gel-15Gm
https://www.nepmeds.com.np/detail/acivir-eye-oint,Acivir Eye Oint
https://www.nepmeds.com.np/detail/nariz-75mg,Nariz-75mg
https://www.nepmeds.com.np/detail/pantodac-40mg-inj,Pantodac-40mg Inj
https://www.nepmeds.com.np/detail/pantocid-40mg-inj,Pantocid 40mg-Inj
https://www.nepmeds.com.np/detail/flucort-h-cream-30gm,Flucort-H-cream 30Gm
https://www.nepmeds.com.np/detail/flucort-forte-skin-lotion-15ml,Flucort Forte Skin Lotion-15ml
https://www.nepmeds.com.np/detail/flucort-skin-cream-20gm,Flucort Skin Cream-20Gm
https://www.nepmeds.com.np/detail/integrilin-100ml,Integrilin-100ml 0.75MG/ML
https://www.nepmeds.com.np/detail/serobid-inhaler,SEROBID INHALER
https://www.nepmeds.com.np/detail/montair-4mg,MONTAIR-4MG
https://www.nepmeds.com.np/detail/foracort-100-inhaler,FORACORT-100 INHALER
https://www.nepmeds.com.np/detail/foracort-100-rotacaps,FORACORT 100 ROTACAPS
https://www.nepmeds.com.np/detail/duova-rotacaps-15cap,DUOVA ROTACAPS-15CAP
https://www.nepmeds.com.np/detail/duova-inhaler,DUOVA INHALER
https://www.nepmeds.com.np/detail/bosentas-625mg,BOSENTAS-62.5MG
https://www.nepmeds.com.np/detail/bosentas-125mg,BOSENTAS-125MG
https://www.nepmeds.com.np/detail/beclate-400-rotacaps30cap,BECLATE-400 ROTACAPS(30CAP)
https://www.nepmeds.com.np/detail/beclate-200-rotacaps,Beclate-200 Rotacaps
https://www.nepmeds.com.np/detail/beclate-200-inhaler,BECLATE-200 INHALER
https://www.nepmeds.com.np/detail/beclate-100-rotacaps,BECLATE-100 ROTACAPS
https://www.nepmeds.com.np/detail/beclate-100-inhaler,BECLATE-100 INHALER
https://www.nepmeds.com.np/detail/beclate-aquanase-nasal-spray,BECLATE AQUANASE NASAL SPRAY
https://www.nepmeds.com.np/detail/asthalin-respules-25ml,ASTHALIN RESPULES 2.5ML
https://www.nepmeds.com.np/detail/asthalin-exp,ASTHALIN EXP.
https://www.nepmeds.com.np/detail/tenvir-300mg30tab,TENVIR-300MG(30TAB)
https://www.nepmeds.com.np/detail/simcard-20mg,SIMCARD-20MG
https://www.nepmeds.com.np/detail/simvotin-10mg,SIMVOTIN-10MG
https://www.nepmeds.com.np/detail/simcard-10mg,SIMCARD-10MG
https://www.nepmeds.com.np/detail/amlopress,AMLOPRESS-5 mg
https://www.nepmeds.com.np/detail/amlopress-10mg-tab,AMLOPRESS-10MG TAB
https://www.nepmeds.com.np/detail/amlopres-at-tab,AMLOPRES-AT TAB
https://www.nepmeds.com.np/detail/eziderma-cream-15gm,Eziderma Cream 15Gm
https://www.nepmeds.com.np/detail/seroflo-50-inhaler,SEROFLO-50 INHALER
https://www.nepmeds.com.np/detail/seroflo-250mg-inhaler,SEROFLO-250MG INHALER
https://www.nepmeds.com.np/detail/esiflo-250-transcaps,ESIFLO-250 ROTACAPS
https://www.nepmeds.com.np/detail/seroflo-125-inhaler,SEROFLO-125 INHALER
https://www.nepmeds.com.np/detail/seroflo-100-rotacaps,SEROFLO-100 ROTACAPS
https://www.nepmeds.com.np/detail/momento-cream-30gm,Momento Cream 30gm
https://www.nepmeds.com.np/detail/mofur-cream-15gm,Mofur Cream-15Gm
https://www.nepmeds.com.np/detail/dermetasone-cream-10gm,Dermetasone Cream-10Gm
https://www.nepmeds.com.np/detail/maxicef-500mg-inj,Maxicef-500mg Inj
https://www.nepmeds.com.np/detail/mikacin-250mg-inj,Mikacin-250mg Inj
https://www.nepmeds.com.np/detail/lcz-syrup-30ml,LCZ Syrup-30ml
https://www.nepmeds.com.np/detail/grandem-syrup-10ml,Grandem Syrup-10ml
https://www.nepmeds.com.np/detail/grandem-md-1mg,Grandem MD-1MG
https://www.nepmeds.com.np/detail/grandem-1mg,Grandem-1MG
https://www.nepmeds.com.np/detail/grandem-inj-3ml,Grandem Inj-3ml
https://www.nepmeds.com.np/detail/grandem-inj-1ml,Grandem Inj-1ml
https://www.nepmeds.com.np/detail/forcef-15g-inj,Forcef-1.5G Inj
https://www.nepmeds.com.np/detail/oratil-15-inj,Oratil 1.5 Inj
https://www.nepmeds.com.np/detail/keftragard-1500-inj,Keftragard-1500 Inj
https://www.nepmeds.com.np/detail/monocef-sb-1gm-inj,Monocef-SB-1gm Inj
https://www.nepmeds.com.np/detail/gramocef-s-inj,Gramocef-S Inj
https://www.nepmeds.com.np/detail/megapen-1gm-inj,Megapen-1gm Inj
https://www.nepmeds.com.np/detail/megapen-500mg-inj,Megapen-500mg Inj
https://www.nepmeds.com.np/detail/megapen-250mg-inj,Megapen-250mg Inj
https://www.nepmeds.com.np/detail/azenam-1g-inj,Azenam-1G Inj
https://www.nepmeds.com.np/detail/azenam-500mg-inj,Azenam-500mg Inj
https://www.nepmeds.com.np/detail/aristomox-dry-syrup-60ml,Aristomox Dry Syrup-60ml
https://www.nepmeds.com.np/detail/tobacin-80mg-inj,Tobacin-80mg Inj
https://www.nepmeds.com.np/detail/melcovit-gold-cap,Melcovit Gold Cap
https://www.nepmeds.com.np/detail/omnicef-500mg-inj,Omnicef-500mg Inj
https://www.nepmeds.com.np/detail/phosome-50mg-inj,PHOSOME 50MG INJ.
https://www.nepmeds.com.np/detail/flohale-125-inhaler,FLOHALE-125 INHALER
https://www.nepmeds.com.np/detail/flohale-100-rotacaps,FLOHALE-100 ROTACAPS
https://www.nepmeds.com.np/detail/flohale-05mg-respules,FLOHALE-0.5MG RESPULES
https://www.nepmeds.com.np/detail/aerocort-inhaler,AEROCORT INHALER
https://www.nepmeds.com.np/detail/tibofem-25mg,TIBOFEM-2.5MG
https://www.nepmeds.com.np/detail/pirox-gel-30g,PIROX GEL-30G.
https://www.nepmeds.com.np/detail/oxyspas-5mg,OXYSPAS-5MG
https://www.nepmeds.com.np/detail/oxyspas-25mg,OXYSPAS-2.5MG
https://www.nepmeds.com.np/detail/mtpill-200mg,MTPILL-200MG
https://www.nepmeds.com.np/detail/mtp-kit,MTP KIT
https://www.nepmeds.com.np/detail/lisifen-20mg-tab,LISIFEN-20MG TAB
https://www.nepmeds.com.np/detail/lefra-20mg,LEFRA-20MG
https://www.nepmeds.com.np/detail/lefumide-20mg,LEFUMIDE-20MG
https://www.nepmeds.com.np/detail/lefra-10mg,LEFRA-10MG
https://www.nepmeds.com.np/detail/lefumide-10mg,LEFUMIDE-10MG
https://www.nepmeds.com.np/detail/natucal-od-90tab,Natucal-OD (90TAB.)
https://www.nepmeds.com.np/detail/flomex-eye-drops,FLOMEX EYE DROPS
https://www.nepmeds.com.np/detail/cytomid-250mg,CYTOMID-250MG
https://www.nepmeds.com.np/detail/cromal-eye-drops,CROMAL EYE DROPS
https://www.nepmeds.com.np/detail/9-pm-eye-drops,9 PM EYE DROPS
https://www.nepmeds.com.np/detail/s-amlong-25mg,S-AMLONG-2.5MG
https://www.nepmeds.com.np/detail/trivedon-20mg,TRIVEDON-20MG
https://www.nepmeds.com.np/detail/trine-20mg,TRINE-20MG
https://www.nepmeds.com.np/detail/carvidon-20mg,CARVIDON 20MG
https://www.nepmeds.com.np/detail/hiora-k-mouth-wash-150ml,Hiora-K Mouth Wash 150ml
https://www.nepmeds.com.np/detail/hiora-mouth-wash-150-ml,Hiora Mouth Wash Regular
https://www.nepmeds.com.np/detail/opthacare-eye-drop,Opthacare Eye Drop
https://www.nepmeds.com.np/detail/forcef-750mg-inj,FORCEF-750MG INJ
https://www.nepmeds.com.np/detail/pulmocef-750mg-inj,PULMOCEF-750MG INJ.
https://www.nepmeds.com.np/detail/phytoral-200mg,PHYTORAL-200MG
https://www.nepmeds.com.np/detail/ketlog-cream-30gm,KETLOG CREAM 30GM
https://www.nepmeds.com.np/detail/phytoral-ointment-30g,PHYTORAL OINTMENT 30G.
https://www.nepmeds.com.np/detail/monocef-2gm-inj,Monocef-2Gm Inj
https://www.nepmeds.com.np/detail/monocef-500mg-inj,Monocef 500mg Inj
https://www.nepmeds.com.np/detail/monocef-250mg-inj,Monocef-250Mg Inj
https://www.nepmeds.com.np/detail/decon-nasal-drops-10ml,Decon Nasal Drops 10ml
https://www.nepmeds.com.np/detail/vital-syrup-100-ml,Vital Syrup 100  ml
https://www.nepmeds.com.np/detail/vital-syrup-200-ml,Vital Syrup 200 ml
https://www.nepmeds.com.np/detail/neurocetam-injection,NEUROCETAM INJECTION
https://www.nepmeds.com.np/detail/lysomin-100ml-syrup,Lysomin  100ml Syrup
https://www.nepmeds.com.np/detail/lysomin-syrup-200-ml,lysomin Syrup 200 ml
https://www.nepmeds.com.np/detail/moxigram-eye-drops,MOXIGRAM EYE DROPS
https://www.nepmeds.com.np/detail/eldoper-cap,ELDOPER CAP
https://www.nepmeds.com.np/detail/cystone-forte,CYSTONE FORTE
https://www.nepmeds.com.np/detail/merobax-500Mg-inj,Merobax-500Mg Inj
https://www.nepmeds.com.np/detail/maxicef-1gm-inj,Maxicef-1Gm Inj
https://www.nepmeds.com.np/detail/nutridex-25-dextrose-solution,NUTRIDEX 25% DEXTROSE SOLUTION
https://www.nepmeds.com.np/detail/koflet-h-orange,KOFLET-H ORANGE
https://www.nepmeds.com.np/detail/koflet-h-ginger,Koflet- H Ginger
https://www.nepmeds.com.np/detail/koflet-lozenges,Koflet Lozenges
https://www.nepmeds.com.np/detail/durataz-45-inj,Durataz-4.5 Inj
https://www.nepmeds.com.np/detail/koflet-syrup,Koflet Syrup
https://www.nepmeds.com.np/detail/ritexone-t-inj,Ritexone-T Inj
https://www.nepmeds.com.np/detail/montaz-1gm-inj,Montaz-1Gm Inj
https://www.nepmeds.com.np/detail/liv-52-syrup-200ml,Liv.52 syrup 200ml
https://www.nepmeds.com.np/detail/lactagard-1500-inj,LACTAGARD-1500 INJ
https://www.nepmeds.com.np/detail/magtam-novo-1500mg-inj,MAGTAM NOVO-1500MG INJ.
https://www.nepmeds.com.np/detail/norflox-ee-drops,Norflox E/E Drops
https://www.nepmeds.com.np/detail/micogel-15gm,Micogel 15Gm
https://www.nepmeds.com.np/detail/dorzox-eye-drops,Dorzox Eye Drops
https://www.nepmeds.com.np/detail/omnicef-1gm-inj,OMNICEF-1GM INJ
https://www.nepmeds.com.np/detail/aqua-tears-eye-drops,Aqua Tears Eye Drops
https://www.nepmeds.com.np/detail/metolar-inj,Metolar INJ
https://www.nepmeds.com.np/detail/flohole-50-inhaler,Flohale-50 Inhaler
https://www.nepmeds.com.np/detail/epilex-syrup-200ml,Epilex Syrup-200ml
https://www.nepmeds.com.np/detail/duphalac-450ml,Duphalac 450ml
https://www.nepmeds.com.np/detail/duphalac-250ml,Duphalac 250 ML
https://www.nepmeds.com.np/detail/duphalac-150ml-syrup,Duphalac 150ml Syrup
https://www.nepmeds.com.np/detail/ambrodil-syrup-100ml,Ambrodil Syrup-100ml
https://www.nepmeds.com.np/detail/ambrodil-tab,Ambrodil Tab
https://www.nepmeds.com.np/detail/voxamin-100mg,Voxamin-100mg
https://www.nepmeds.com.np/detail/microflox-ee-drops-5ml,Microflox E/E Drops-5ml
https://www.nepmeds.com.np/detail/ciplox-eyeear-drop-10ml,Ciplox Eye/Ear Drop 10ml
https://www.nepmeds.com.np/detail/norgest-5mg,Norgest-5mg
https://www.nepmeds.com.np/detail/gestin-5mg,Gestin-5mg
https://www.nepmeds.com.np/detail/levod-750mg,Levod 750mg
https://www.nepmeds.com.np/detail/oxetol-150mg,Oxetol-150mg Tablet
https://www.nepmeds.com.np/detail/levetam-500-sr,Levetam 500 SR
https://www.nepmeds.com.np/detail/levera-xr-500mg,Levera XR 500mg
https://www.nepmeds.com.np/detail/levtica-xr-1gm,Levtica XR 1gm
https://www.nepmeds.com.np/detail/duphalac-100ml,DUPHALAC 100ML
https://www.nepmeds.com.np/detail/digene-syrup-200ml,DIGENE SYRUP 200ML
https://www.nepmeds.com.np/detail/levera-xr-750mg,Levera XR 750mg
https://www.nepmeds.com.np/detail/digene-tab,DIGENE TAB
https://www.nepmeds.com.np/detail/mirtaz-30mg,Mirtaz 30mg
https://www.nepmeds.com.np/detail/ibugesic-200mg,IBUGESIC-200MG
https://www.nepmeds.com.np/detail/duvanta-40mg,Duvanta 40mg
https://www.nepmeds.com.np/detail/divaa-od-500mg,Divaa OD 500mg
https://www.nepmeds.com.np/detail/lonid-100mg,Lonid 100mg
https://www.nepmeds.com.np/detail/envas-h,ENVAS-H
https://www.nepmeds.com.np/detail/intalith-300mg,Intalith-300mg
https://www.nepmeds.com.np/detail/cizodol-p-5mg,Cizodol-P-5mg
https://www.nepmeds.com.np/detail/versitol-retart-400mg,Versitol Retart 400mg
https://www.nepmeds.com.np/detail/entosec-1000mg,ENTOSEC-1000MG
https://www.nepmeds.com.np/detail/frisium-10mg,Frisium 10mg
https://www.nepmeds.com.np/detail/lobazam-10mg,Lobazam 10mg
https://www.nepmeds.com.np/detail/lupenox-60-inj,LUPENOX-60 INJ.
https://www.nepmeds.com.np/detail/lmwx-60mg-inj,LMWX-60MG INJ
https://www.nepmeds.com.np/detail/lupenox-40-inj,LUPENOX-40 INJ.
https://www.nepmeds.com.np/detail/lmwx-40mg-inj,LMWX-40MG INJ.
https://www.nepmeds.com.np/detail/diapride-m1,DIAPRIDE M1
https://www.nepmeds.com.np/detail/linosept-600,Linosept 600
https://www.nepmeds.com.np/detail/linez-600mg,Linez 600mg
https://www.nepmeds.com.np/detail/flavox-200mg,Flavox 200mg
https://www.nepmeds.com.np/detail/shelcal-250,Shelcal 250
https://www.nepmeds.com.np/detail/branton-500mg,Branton 500mg
https://www.nepmeds.com.np/detail/arpizol-10mg,Arpizol 10mg
https://www.nepmeds.com.np/detail/parkin-2mg,Parkin 2mg
https://www.nepmeds.com.np/detail/sizopin-100mg,Sizopin 100mg
https://www.nepmeds.com.np/detail/sizopin-25mg,Sizopin 25mg
https://www.nepmeds.com.np/detail/sensaril-25mg,Sensaril 25mg
https://www.nepmeds.com.np/detail/pionorm-30mg,Pionorm 30mg
https://www.nepmeds.com.np/detail/pioglit-30mg,Pioglit 30mg
https://www.nepmeds.com.np/detail/piolet-15mg,Piolet 15mg
https://www.nepmeds.com.np/detail/pioglit-15mg,Pioglit 15mg
https://www.nepmeds.com.np/detail/pionorm-15mg,Pionorm 15mg
https://www.nepmeds.com.np/detail/oneda-500mg,Oneda 500mg
https://www.nepmeds.com.np/detail/odizole-tab,Odizole Tab
https://www.nepmeds.com.np/detail/rizicet-10mg,Rizicet 10mg
https://www.nepmeds.com.np/detail/xenecon-capsule-150mg,Xenecon Capsule 150mg
https://www.nepmeds.com.np/detail/forcan-150mg,Forcan 150mg
https://www.nepmeds.com.np/detail/calutide-50mg,Calutide 50mg
https://www.nepmeds.com.np/detail/lodoz-5mg,Lodoz 5mg
https://www.nepmeds.com.np/detail/lodoz-25mg,Lodoz 2.5mg
https://www.nepmeds.com.np/detail/concor-5-mg,Concor 5 mg
https://www.nepmeds.com.np/detail/bisolol-25mg,Bisolol 2.5mg
https://www.nepmeds.com.np/detail/amiodar-200mg,Amiodar 200mg
https://www.nepmeds.com.np/detail/amiodar-100mg,Amiodar 100mg
https://www.nepmeds.com.np/detail/dothip-75mg,Dothip 75mg
https://www.nepmeds.com.np/detail/dothip-50mg,Dothip 50mg
https://www.nepmeds.com.np/detail/dothip-25mg,Dothip 25mg
https://www.nepmeds.com.np/detail/nimocer-30mg,Nimocer 30mg
https://www.nepmeds.com.np/detail/fluzak-20mg,Fluzak 20mg
https://www.nepmeds.com.np/detail/fludep-20mg,Fludep 20mg
https://www.nepmeds.com.np/detail/fludac-20mg,Fludac 20mg
https://www.nepmeds.com.np/detail/fludep-10mg,Fludep 10mg
https://www.nepmeds.com.np/detail/fludac-10mg,Fludac 10mg
https://www.nepmeds.com.np/detail/olmecip-40mg,Olmecip 40mg
https://www.nepmeds.com.np/detail/olmat-40mg,Olmat 40mg
https://www.nepmeds.com.np/detail/olmesafe-10mg,Olmesafe 10mg
https://www.nepmeds.com.np/detail/hepamerz-syrup-60ml,Hepamerz Syrup 60ml
https://www.nepmeds.com.np/detail/hepamerz-tab,Hepamerz Tab
https://www.nepmeds.com.np/detail/hepacor-tab,Hepacor Tab
https://www.nepmeds.com.np/detail/osteofos-10mg,Osteofos 10mg
https://www.nepmeds.com.np/detail/osteofos-70mg,Osteofos 70mg
https://www.nepmeds.com.np/detail/maclar-500mg,Maclar 500mg
https://www.nepmeds.com.np/detail/clariwin-500mg,Clariwin 500mg
https://www.nepmeds.com.np/detail/clarith-500mg,Clarith 500mg
https://www.nepmeds.com.np/detail/liv-52-tab,Liv.52  tab
https://www.nepmeds.com.np/detail/septilin-tab,Septilin Tab
https://www.nepmeds.com.np/detail/rumalaya-gel-30gm,Rumalaya Gel 30gm
https://www.nepmeds.com.np/detail/rumalaya-forte-tab,Rumalaya Forte Tab
https://www.nepmeds.com.np/detail/reosto-tab,Reosto  Tablets 2X30's
https://www.nepmeds.com.np/detail/pilex-tab-60s,Pilex Tablets 60
https://www.nepmeds.com.np/detail/tenocheck-25-mg,Tenocheck 25 Mg
https://www.nepmeds.com.np/detail/renalka-syrup-200ml,Renalka Syrup 200ml
https://www.nepmeds.com.np/detail/renalka-100ml,Renalka Syrup 100ml
https://www.nepmeds.com.np/detail/oxitard-cap,Oxitard Capsules 3 N X 10s
https://www.nepmeds.com.np/detail/terapress-2-mg,Terapress 2 Mg
https://www.nepmeds.com.np/detail/terapress-1-mg,Terapress 1 Mg
https://www.nepmeds.com.np/detail/pain-relief-oil-100ml,Pain Relief Oil 100 ml
https://www.nepmeds.com.np/detail/himcolin-gel-30g,Himcolin Gel 30g
https://www.nepmeds.com.np/detail/medigra-50mg,Medigra 50mg
https://www.nepmeds.com.np/detail/geriforte-tab,Geriforte Tablets 100
https://www.nepmeds.com.np/detail/evecare-forte,Evecare Forte Tablets
https://www.nepmeds.com.np/detail/medigra-25mg,Medigra 25mg
https://www.nepmeds.com.np/detail/abana-tab,Abana Tablets 60
https://www.nepmeds.com.np/detail/a-to-z-syrup-200ml,A To Z Syrup 200ml
https://www.nepmeds.com.np/detail/theo-asthalin-forte,Theo-Asthalin Forte
https://www.nepmeds.com.np/detail/theo-asthalin-tab,Theo-Asthalin Tab
https://www.nepmeds.com.np/detail/theo-asthalin-syrup-100ml,Theo-Asthalin Syrup 100ml
https://www.nepmeds.com.np/detail/sizodon-3-mg,Sizodon 3 mg
https://www.nepmeds.com.np/detail/sizodon-2mg,Sizodon 2mg
https://www.nepmeds.com.np/detail/sizodon-md-1-mg,Sizodon MD 1 mg
https://www.nepmeds.com.np/detail/sizodon-1-mg,Sizodon 1 mg
https://www.nepmeds.com.np/detail/risper-1mg,Risper 1mg
https://www.nepmeds.com.np/detail/tipin-25mg,Tipin 25mg
https://www.nepmeds.com.np/detail/qutan-25mg,Qutan 25mg Tab
https://www.nepmeds.com.np/detail/muskin-oint-15-gm,Muskin Oint 15 Gm
https://www.nepmeds.com.np/detail/mupiderm-5gm-ointment,Mupiderm 5Gm OINTMENT
https://www.nepmeds.com.np/detail/meropenem-1-gram-inj,Meropenem 1 Gram Inj.
https://www.nepmeds.com.np/detail/meromac-1gram-inj,Meromac 1Gram Inj.
https://www.nepmeds.com.np/detail/merobax-1-gram-inj,Merobax 1 Gram Inj.
https://www.nepmeds.com.np/detail/silybon-140mg,Silybon 140mg
https://www.nepmeds.com.np/detail/silybon-70mg,Silybon 70mg
https://www.nepmeds.com.np/detail/ginkoba-40mg,Ginkoba 40mg
https://www.nepmeds.com.np/detail/loratad-10mg,Loratad 10mg
https://www.nepmeds.com.np/detail/isordil-5mg-sublingual-tab,Isordil 5mg Sublingual Tab
https://www.nepmeds.com.np/detail/isordil-10mg,Isordil 10mg
https://www.nepmeds.com.np/detail/shelcal-500mg,Shelcal 500mg
https://www.nepmeds.com.np/detail/orcal-500mg,Orcal 500mg
https://www.nepmeds.com.np/detail/macalvit-500mg,Macalvit 500mg
https://www.nepmeds.com.np/detail/menactra-vaccine-05ml,MENACTRA VACCINE 0.5ML
https://www.nepmeds.com.np/detail/tresiba-3ml-100uml,Tresiba 3ML 100U/ML
https://www.nepmeds.com.np/detail/novorapid-penfill-100iuml,Novorapid Penfill 100IU/ML
https://www.nepmeds.com.np/detail/olmesafe-20mg,Olmesafe 20mg
https://www.nepmeds.com.np/detail/olmecip-20mg,Olmecip 20mg
https://www.nepmeds.com.np/detail/olmat-20mg,Olmat 20mg
https://www.nepmeds.com.np/detail/mirtaz-15mg,Mirtaz 15mg
https://www.nepmeds.com.np/detail/mirtaz-7.5mg,Mirtaz 7.5mg
https://www.nepmeds.com.np/detail/miraz-75mg,Miraz 7.5mg
https://www.nepmeds.com.np/detail/monoral-syp-30ml,Monoral Syp 30ml
https://www.nepmeds.com.np/detail/zocef-500mg,Zocef 500mg
https://www.nepmeds.com.np/detail/pulmocef-500mg,Pulmocef 500mg
https://www.nepmeds.com.np/detail/forcef-500mg,Forcef 500mg
https://www.nepmeds.com.np/detail/mixtard-30-hm-penfil-100-iuml,Mixtard -30 HM Penfil 100 IU/ML
https://www.nepmeds.com.np/detail/carnisure-500mg,Carnisure 500mg
https://www.nepmeds.com.np/detail/dilzem-90mg-sr,Dilzem  SR 90 MG
https://www.nepmeds.com.np/detail/dilzem-60mg,Dilzem 60mg
https://www.nepmeds.com.np/detail/angizem-60mg,Angizem 60mg
https://www.nepmeds.com.np/detail/humalog-mix-50-cartridge-kwik-pen,Humalog Mix -50 Cartridge
https://www.nepmeds.com.np/detail/hcqs-400mg,Hcqs 400mg
https://www.nepmeds.com.np/detail/hcquin-200mg,Hcquin 200mg
https://www.nepmeds.com.np/detail/hcqs-200mg,Hcqs 200mg
https://www.nepmeds.com.np/detail/nitrofix-sr-60mg,Nitrofix SR 60mg
https://www.nepmeds.com.np/detail/nitrofix-sr-30mg,Nitrofix SR 30mg
https://www.nepmeds.com.np/detail/nitrostat-oint-30gm,Nitrostat Oint 30Gm
https://www.nepmeds.com.np/detail/duloxit-60mg,Duloxit 60mg
https://www.nepmeds.com.np/detail/nimodol-100mg,Nimodol 100mg
https://www.nepmeds.com.np/detail/nibucid-100mg,Nibucid 100mg
https://www.nepmeds.com.np/detail/megazin-100mg,Megazin 100mg
https://www.nepmeds.com.np/detail/entavir-05mg,Entavir 0.5mg
https://www.nepmeds.com.np/detail/entaliv-05mg,Entaliv 0.5mg
https://www.nepmeds.com.np/detail/mycofit-500mg,Mycofit 500mg
https://www.nepmeds.com.np/detail/mycept-500mg,Mycept 500 Tablet
https://www.nepmeds.com.np/detail/asthalin-4mg,Asthalin 4mg
https://www.nepmeds.com.np/detail/rizact-10mg,Rizact 10mg
https://www.nepmeds.com.np/detail/lamez-25mg,Lamez 25mg
https://www.nepmeds.com.np/detail/m-toin-100,M Toin 100mg
https://www.nepmeds.com.np/detail/epileptin-300mg,Epileptin 300mg
https://www.nepmeds.com.np/detail/monoral-100mg-susp,Monoral 100mg Susp
https://www.nepmeds.com.np/detail/nepitol-100mg,Nepitol 100mg
https://www.nepmeds.com.np/detail/hopace-5mg,Hopace 5mg
https://www.nepmeds.com.np/detail/seloken-xl-50mg,Seloken XL 50mg
https://www.nepmeds.com.np/detail/prolomet-xl-50mg,Prolomet XL 50mg
https://www.nepmeds.com.np/detail/embeta-xr-50mg,Embeta XR 50mg
https://www.nepmeds.com.np/detail/seloken-xl-25mg,Seloken XL 25mg
https://www.nepmeds.com.np/detail/prolomet-xl-25mg,Prolomet XL 25mg
https://www.nepmeds.com.np/detail/metolar-xl-25mg,Metolar XR 25mg
https://www.nepmeds.com.np/detail/embeta-xr-25mg,Embeta XR 25mg
https://www.nepmeds.com.np/detail/duvanta-20mg,Duvanta 20mg
https://www.nepmeds.com.np/detail/medrol-4mg,Medrol 4mg
https://www.nepmeds.com.np/detail/hiloc-150mg,Hiloc 150mg
https://www.nepmeds.com.np/detail/meconerv-1500mcg,Meconerv 1500mcg
https://www.nepmeds.com.np/detail/inflazyme-tab,Inflazyme-LS
https://www.nepmeds.com.np/detail/premax-75mg,Premax 75mg
https://www.nepmeds.com.np/detail/neugaba-75mg,Neugaba 75mg
https://www.nepmeds.com.np/detail/nervilin-75mg,Nervilin 75mg
https://www.nepmeds.com.np/detail/mygab-75mg-tab,Mygab 75mg Tab
https://www.nepmeds.com.np/detail/lotace-a,Lotace A
https://www.nepmeds.com.np/detail/zaart-h,Zaart H
https://www.nepmeds.com.np/detail/depin-retard-20mg,Depin Retard 20mg
https://www.nepmeds.com.np/detail/hydride-125mg,Hydride 12.5mg
https://www.nepmeds.com.np/detail/hytide-25mg,Hytide 25mg
https://www.nepmeds.com.np/detail/hydride-25mg,Hydride 25mg
https://www.nepmeds.com.np/detail/arbitel-h,Arbitel H
https://www.nepmeds.com.np/detail/hipril-5mg,Hipril 5mg
https://www.nepmeds.com.np/detail/lipril-10mg,Lipril 10mg
https://www.nepmeds.com.np/detail/lipril-25mg,Lipril 2.5mg
https://www.nepmeds.com.np/detail/gliptin-m-1000mg,Gliptin M 1000mg
https://www.nepmeds.com.np/detail/ligatin-2.5mg,Ligatin 2.5mg
https://www.nepmeds.com.np/detail/glucar-50mg,Glucar 50mg
https://www.nepmeds.com.np/detail/glucar-25mg,Glucar 25mg
https://www.nepmeds.com.np/detail/glucobay-25mg,Glucobay 25mg
https://www.nepmeds.com.np/detail/glimulin-2mg,Glimulin 2mg
https://www.nepmeds.com.np/detail/glimulin-1mg,Glimulin 1mg
https://www.nepmeds.com.np/detail/melmet-sr-500mg,Melmet SR 500mg
https://www.nepmeds.com.np/detail/finorate-160mg,Finorate 160mg
https://www.nepmeds.com.np/detail/roster-20mg,Roster 20mg
https://www.nepmeds.com.np/detail/roster-5mg,Roster 5mg
https://www.nepmeds.com.np/detail/zyrova-10mg,Zyrova 10mg
https://www.nepmeds.com.np/detail/roster-10mg,Roster 10mg
https://www.nepmeds.com.np/detail/inderal-40mg,Inderal 40mg
https://www.nepmeds.com.np/detail/inderal-10mg,Inderal 10mg
https://www.nepmeds.com.np/detail/metolar-125mg-xr,Metolar 12.5mg XR
https://www.nepmeds.com.np/detail/neugaba-150mg,Neugaba 150mg
https://www.nepmeds.com.np/detail/maxgalin-150mg,Maxgalin 150mg
https://www.nepmeds.com.np/detail/levo-f-500mg,Levo F 500mg
https://www.nepmeds.com.np/detail/microdox-dt-100mg,Microdox DT 100mg
https://www.nepmeds.com.np/detail/ipod-200mg-dt,Ipod 200mg DT
https://www.nepmeds.com.np/detail/kafxim-400mg,Kafxim 400mg
https://www.nepmeds.com.np/detail/fixim-400mg,Fixim 400mg
https://www.nepmeds.com.np/detail/taxone-p-200mg,Taxone P 200mg
https://www.nepmeds.com.np/detail/azithral-250mg,Azithral 250mg
https://www.nepmeds.com.np/detail/ortiza-500mg,Ortiza 500mg
https://www.nepmeds.com.np/detail/azivent-500mg,Azivent 500mg
https://www.nepmeds.com.np/detail/azipure-500mg,Azipure 500mg
https://www.nepmeds.com.np/detail/azimac-500mg,Azimac 500mg
https://www.nepmeds.com.np/detail/azifine-500mg,Azifine 500mg
https://www.nepmeds.com.np/detail/azicor-500mg,Azicor 500mg
https://www.nepmeds.com.np/detail/azee-500mg,Azee 500mg
https://www.nepmeds.com.np/detail/clavix-150mg,Clavix 150mg
https://www.nepmeds.com.np/detail/myogrel-75mg,Myogrel 75mg
https://www.nepmeds.com.np/detail/deplatt-75mg,Deplatt 75mg
https://www.nepmeds.com.np/detail/clopivas-75mg,Clopivas 75mg
https://www.nepmeds.com.np/detail/clopid-75mg,Clopid 75mg
https://www.nepmeds.com.np/detail/clavix-75mg,Clavix 75mg
https://www.nepmeds.com.np/detail/enhancin-625mg,Enhancin 625mg
https://www.nepmeds.com.np/detail/novamox-500mg,Novamox 500mg
https://www.nepmeds.com.np/detail/himox-500mg,Himox 500mg
https://www.nepmeds.com.np/detail/levcin-5mg,Levcin 5mg
https://www.nepmeds.com.np/detail/motilium-m-10mg,Motilium M 10mg
https://www.nepmeds.com.np/detail/dantron-30ml,Dantron 30ml
https://www.nepmeds.com.np/detail/ono-4mg,Ono 4mg
https://www.nepmeds.com.np/detail/mogyl-500mg,Mogyl 500mg
https://www.nepmeds.com.np/detail/metriz-400mg,Metriz 400mg
https://www.nepmeds.com.np/detail/metin-400mg,Metin 400mg
https://www.nepmeds.com.np/detail/flagyl-200mg,Flagyl 200mg
https://www.nepmeds.com.np/detail/nucoxia-120mg,Nucoxia 120mg
https://www.nepmeds.com.np/detail/e-cox,E-Cox 90
https://www.nepmeds.com.np/detail/cinolone-cream-10gm,Cinolone Cream 10Gm
https://www.nepmeds.com.np/detail/flutivate-skin-cream-10gm,Flutivate Skin Cream 10Gm
https://www.nepmeds.com.np/detail/halocort-cream-15gm,Halocort Cream 15Gm
https://www.nepmeds.com.np/detail/pilex-ointment-30g,Pilex Forte Ointment 30g
https://www.nepmeds.com.np/detail/tacroz-003-oint-20gm,Tacroz 0.03% Oint 20Gm
https://www.nepmeds.com.np/detail/himcocid-suspension-200ml,Himcocid-SF Suspension 200ml
https://www.nepmeds.com.np/detail/evecare-syrup-400ml,Evecare Syrup 400ml
https://www.nepmeds.com.np/detail/atolimus-01-cream-15gm,Atolimus 0.1% Cream 15Gm
https://www.nepmeds.com.np/detail/himalaya-cystone-60-tablets,Himalaya Cystone Tablets 60
https://www.nepmeds.com.np/detail/topalene-cn-gel-15gm,Topalene CN Gel 15Gm
https://www.nepmeds.com.np/detail/klinda-a-gel-10gm,Klinda A Gel 10Gm
https://www.nepmeds.com.np/detail/isotroin-10mg,Isotroin 10mg
https://www.nepmeds.com.np/detail/acnetret-10mg,Acnetret 10mg
https://www.nepmeds.com.np/detail/isotroin-20mg,Isotroin 20mg
https://www.nepmeds.com.np/detail/diana-c-20mg,Diana C 20mg
https://www.nepmeds.com.np/detail/acnetret-20mg,Acnetret 20mg
https://www.nepmeds.com.np/detail/lumaglo-cream-20gm,LUMAGLO CREAM 20GM
https://www.nepmeds.com.np/detail/acnemoist-cream,Acnemoist cream- 60gm
https://www.nepmeds.com.np/detail/klmklin-face-wash-100ml,KLM Klin Face Wash - 100ml
https://www.nepmeds.com.np/detail/acnecline-25-gel,Acneline 2.5 gel
https://www.nepmeds.com.np/detail/niacne-face-wash-75ml,NIACNE FACE WASH-75ML
https://www.nepmeds.com.np/detail/d-acne-gel-10gm,D Acne Gel 10Gm
https://www.nepmeds.com.np/detail/delisprin-150mg,Delisprin 150mg
https://www.nepmeds.com.np/detail/delisprin-75mg,Delisprin 75mg
https://www.nepmeds.com.np/detail/monocef-1gm-inj,monocef 1gm inj
https://www.nepmeds.com.np/detail/qure-500mg,Qure 500mg
https://www.nepmeds.com.np/detail/levostar-500mg,Levostar 500mg
https://www.nepmeds.com.np/detail/levoday-500mg,Levoday 500mg
https://www.nepmeds.com.np/detail/glipsi-50mg,Glipsi 50mg
https://www.nepmeds.com.np/detail/fruselac,Fruselac
https://www.nepmeds.com.np/detail/promisec-20mg,Promisec 20mg
https://www.nepmeds.com.np/detail/omil-20mg,Omil 20mg
https://www.nepmeds.com.np/detail/gracid-20mg,Gracid 20mg CAP
https://www.nepmeds.com.np/detail/odirab-20mg,Odirab 20mg
https://www.nepmeds.com.np/detail/acitop-40mg,Acitop 40mg
https://www.nepmeds.com.np/detail/flopress-0.4mg,Flopress 0.4mg
https://www.nepmeds.com.np/detail/azivent-250mg,Azivent 250mg
https://www.nepmeds.com.np/detail/azee-250mg,Azee 250mg
https://www.nepmeds.com.np/detail/sprill-25mg,SPRILL F TAB
https://www.nepmeds.com.np/detail/depin-10mg,Depin 10mg
https://www.nepmeds.com.np/detail/revolizer-new,Revolizer (New)
https://www.nepmeds.com.np/detail/rotahaler,Rotahaler
https://www.nepmeds.com.np/detail/clopilet-tab,Clopilet 75 MG TAB
https://www.nepmeds.com.np/detail/refresh-tears,Refresh Tears
https://www.nepmeds.com.np/detail/nemox-500mg,Nemox 500mg
https://www.nepmeds.com.np/detail/zulid-500mg-tab,Zulid 500mg tab
https://www.nepmeds.com.np/detail/fortiplex-m-cap,Fortiplex M Cap
https://www.nepmeds.com.np/detail/moov-spray-35g,Moov Spray 50G
https://www.nepmeds.com.np/detail/fortiplex-cap,Fortiplex Cap
https://www.nepmeds.com.np/detail/moov-spray-80g,Moov Spray 80g
https://www.nepmeds.com.np/detail/pantop-tab,Pantop Tab
https://www.nepmeds.com.np/detail/nims-100mgtab,Nims 100mgTab
https://www.nepmeds.com.np/detail/alernil-susp-100ml,Alernil Susp 100ml
https://www.nepmeds.com.np/detail/retiderm-0025-gel-20g,Retiderm 0.025% Gel 20G
https://www.nepmeds.com.np/detail/sinex-tab,Sinex Tab
https://www.nepmeds.com.np/detail/decon-s-nasal-soln-10ml,Decon-S Nasal Soln 10ml
https://www.nepmeds.com.np/detail/decon-p-nasal-soln-10ml,Decon-P Nasal Soln 10ml
https://www.nepmeds.com.np/detail/ctz-syrup-30ml,CTZ Syrup 30ml
https://www.nepmeds.com.np/detail/ctz-tab,CTZ Tab
https://www.nepmeds.com.np/detail/solay-5mg-tab,Solay 5mg Tab
https://www.nepmeds.com.np/detail/fincar-5mgtab,Fincar 5mgTab
https://www.nepmeds.com.np/detail/aerocort-rc,Aerocort RC
https://www.nepmeds.com.np/detail/seroflow-250mg-rc,Seroflo 250mg RC
https://www.nepmeds.com.np/detail/foracort-200rc,Foracort 200RC
https://www.nepmeds.com.np/detail/foracort-400rc,Foracort 400RC
https://www.nepmeds.com.np/detail/vicks-vaporub-10g,Vicks vaporub 10g
https://www.nepmeds.com.np/detail/ebast-20mg,Ebast 20Mg
https://www.nepmeds.com.np/detail/ebast-10mg,Ebast 10Mg
https://www.nepmeds.com.np/detail/melmet-sr-1000mg,Melmet SR 1000Mg
https://www.nepmeds.com.np/detail/megavog-03mg,Megavog 0.3mg
https://www.nepmeds.com.np/detail/megavog-02mg,Megavog 0.2mg MD
https://www.nepmeds.com.np/detail/livoluk-syrup-200ml,Livoluk Syrup 200ml
https://www.nepmeds.com.np/detail/drotin-tab,Drotin Tab
https://www.nepmeds.com.np/detail/serobid-rc,Serobid RC
https://www.nepmeds.com.np/detail/amtas-at,Amtas AT
https://www.nepmeds.com.np/detail/dezacor-6mg,Dezacor 6mg
https://www.nepmeds.com.np/detail/calcirol-granules,Calcirol Granules
https://www.nepmeds.com.np/detail/candid-mouth-paint,Candid Mouth paint
https://www.nepmeds.com.np/detail/candid-tv-suspension,Candid TV Suspension
https://www.nepmeds.com.np/detail/candid-bcream-20g,Candid B Cream 20G
https://www.nepmeds.com.np/detail/protek-oint-15gm,Protek Oint 15Gm
https://www.nepmeds.com.np/detail/ipod-cv-200mg,Ipod CV 200mg
https://www.nepmeds.com.np/detail/megaderm-oint10gm,Megaderm cream 10Gm
https://www.nepmeds.com.np/detail/frusix-40mg,Frusix 40mg
https://www.nepmeds.com.np/detail/triad-10mg,Triad 10mg
https://www.nepmeds.com.np/detail/prostif-tab,Prostif Tab
https://www.nepmeds.com.np/detail/candid-v6-tab,Candid V6 Tab
https://www.nepmeds.com.np/detail/candid-v-gel,Candid V Gel
https://www.nepmeds.com.np/detail/rumoxil-gold-cap,Rumoxil Gold Cap
https://www.nepmeds.com.np/detail/flur-eye-drops-5ml,Flur Eye Drops 5ml
https://www.nepmeds.com.np/detail/amlod-at-tab,Amlod AT Tab
https://www.nepmeds.com.np/detail/fortiplex-200ml-syp,Fortiplex 200ml Syp
https://www.nepmeds.com.np/detail/monoral-200mg-tab,Monoral 200mg Tab
https://www.nepmeds.com.np/detail/salsa-10-oint,Salsa 10 Oint
https://www.nepmeds.com.np/detail/siptin-m-850-mg,Siptin M 850 mg
https://www.nepmeds.com.np/detail/siptin-m-1000-mg,Siptin M 1000 mg
https://www.nepmeds.com.np/detail/diabin-0.3mg,Diabin 0.3mg
https://www.nepmeds.com.np/detail/diabin-0.2mg,Diabin 0.2mg
https://www.nepmeds.com.np/detail/tacroz-003-oint-10gm,Tacroz 0.03% Oint 10gm
https://www.nepmeds.com.np/detail/tacroz-forte01-oint-10gm,Tacroz Forte0.1% Oint 10gm
https://www.nepmeds.com.np/detail/momate,Momate Cream 15gm
https://www.nepmeds.com.np/detail/ocurest-eye-drop-10ml,Ocurest Eye Drop 10ml
https://www.nepmeds.com.np/detail/relub-eye-drop,Relub Eye Drop
https://www.nepmeds.com.np/detail/lipril-5mg,Lipril 5mg
https://www.nepmeds.com.np/detail/nucoxia-90mg,Nucoxia 90mg
https://www.nepmeds.com.np/detail/nucoxia-60mg,Nucoxia 60mg
https://www.nepmeds.com.np/detail/brica-bm-syrup-100ml,"""BRICA-BM"" syrup 100ml"
https://www.nepmeds.com.np/detail/mylod-at,Mylod AT
https://www.nepmeds.com.np/detail/aristozyme-cap,Aristozyme Cap
https://www.nepmeds.com.np/detail/aristozyme-200ml-syrup,Aristozyme 200ml Syrup
https://www.nepmeds.com.np/detail/candid dusting-powder-100gm,Candid Dusting Powder 100gm
https://www.nepmeds.com.np/detail/candid-powder-50gm,Candid Powder 50gm
https://www.nepmeds.com.np/detail/aceclo-sr-tab,Aceclo SR tab
https://www.nepmeds.com.np/detail/aceclo-tab,Aceclo Tab 100mg
https://www.nepmeds.com.np/detail/flexon-tab,Flexon Tab
https://www.nepmeds.com.np/detail/megapen-500mg-cap,Megapen 500mg Cap
https://www.nepmeds.com.np/detail/mega-cv-dry-syp-60ml,Mega-CV 228.5mg Dry Syrup
https://www.nepmeds.com.np/detail/mega-cv-625-mg,Mega CV 625 mg
https://www.nepmeds.com.np/detail/darolac-sachet,Darolac Sachet
https://www.nepmeds.com.np/detail/darolac-cap,Darolac Cap
https://www.nepmeds.com.np/detail/aristomox-500mg,Aristomox 500mg
https://www.nepmeds.com.np/detail/ambrodil-drops,Ambrodil Drops
https://www.nepmeds.com.np/detail/ecospirin-75mg,Ecosprin 75 Tablet
https://www.nepmeds.com.np/detail/ecospirin-150mg,Ecosprin 150MG  Tablet
https://www.nepmeds.com.np/detail/maxgalin-75mg-cap,Maxgalin 75mg Cap
https://www.nepmeds.com.np/detail/flexon-suspension,Flexon Suspension
https://www.nepmeds.com.np/detail/melacare-cream-15gm,Melacare Cream 15gm
https://www.nepmeds.com.np/detail/qure-750mg,Qure 750mg
https://www.nepmeds.com.np/detail/clavam-dry-syrup,Clavam Dry Syrup 5G/ 30ml
https://www.nepmeds.com.np/detail/aziwok-500mg,Aziwok 500mg
https://www.nepmeds.com.np/detail/cortilone-5mg,Cortilone 5mg
https://www.nepmeds.com.np/detail/pan-iv-inj,Pan IV Inj
https://www.nepmeds.com.np/detail/ipravent-solution,Ipravent Solution
https://www.nepmeds.com.np/detail/clinbact-300mg,Clinbact 300mg
https://www.nepmeds.com.np/detail/asthalin-solution,Asthalin solution
https://www.nepmeds.com.np/detail/azithral-500mg,Azithral 500mg
https://www.nepmeds.com.np/detail/repace-h,Repace H
https://www.nepmeds.com.np/detail/resert-h,Resert  H
https://www.nepmeds.com.np/detail/losap-h,Losap H
https://www.nepmeds.com.np/detail/lotan-h,Lotan H
https://www.nepmeds.com.np/detail/lotace-h,Lotace H
https://www.nepmeds.com.np/detail/alsartan-h,Alsartan H
https://www.nepmeds.com.np/detail/sompraz-40mg-tab,Sompraz 40mg Tab
https://www.nepmeds.com.np/detail/opton-20mg-tab,Opton 20mg Tab
https://www.nepmeds.com.np/detail/nexpro-fast-20mg-tab,Nexpro Fast 20mg Tab
https://www.nepmeds.com.np/detail/nexpro-fast-40mg-tab,Nexpro Fast 40mg Tab
https://www.nepmeds.com.np/detail/nexpro-40mg-tab,Nexpro 40mg Tab
https://www.nepmeds.com.np/detail/nexpro-20mg-tab,Nexpro 20mg Tab
https://www.nepmeds.com.np/detail/esozol-40mg-tab,Esozol 40mg Tab
https://www.nepmeds.com.np/detail/esoflux-40mg-tab,Esoflux 40mg Tab
https://www.nepmeds.com.np/detail/esofast-40mg-tab,Esofast 40mg Tab
https://www.nepmeds.com.np/detail/nepex-ped-syrup,Nepex Ped Syrup 100ml
https://www.nepmeds.com.np/detail/flomist-nasal-spray,Flomist Nasal spray
https://www.nepmeds.com.np/detail/amilax-40mg5mg,Amilax
https://www.nepmeds.com.np/detail/monotrate-20mg,Monotrate 20mg
https://www.nepmeds.com.np/detail/monotrate-10mg,Monotrate 10mg
https://www.nepmeds.com.np/detail/isotrate-20mg,Isotrate 20 mg
https://www.nepmeds.com.np/detail/isotrate-10mg,Isotrate 10mg
https://www.nepmeds.com.np/detail/imdur-60mg,Imdur 60mg
https://www.nepmeds.com.np/detail/imdur-30mg,Imdur 30mg
https://www.nepmeds.com.np/detail/linamet-m-1000mg,LINAMET  1Gm
https://www.nepmeds.com.np/detail/linamet-m-500mg,LINAMET  500MG
https://www.nepmeds.com.np/detail/lipta-m-1000mg,LIPTA M 1000MG
https://www.nepmeds.com.np/detail/lipta-m-850mg,LIPTA M 850MG
https://www.nepmeds.com.np/detail/lipta-m-500mg,LIPTA M 500MG
https://www.nepmeds.com.np/detail/incret-m-500mg,INCRET M 500MG
https://www.nepmeds.com.np/detail/glimiprex-m2-forte,Glimiprex MF 2/500mg Tablet 10'S
https://www.nepmeds.com.np/detail/glimiprex-m1-forte,Glimiprex MF Forte 1 Tablet 10'S
